{"cameraMode":{"drawMode":0,"name":"Shaded","section":"Shading Mode"},"sceneLighting":true,"audioPlay":false,"sceneViewState":{"showFog":true,"showMaterialUpdate":false,"showSkybox":true,"showFlares":true,"showImageEffects":true,"showParticleSystems":true},"in2DMode":false,"pivot":{"x":63.03982162475586,"y":-26.784099578857423,"z":-91.21295166015625},"rotation":{"x":0.018440356478095056,"y":-0.9616695046424866,"z":0.265079528093338,"w":0.07439550012350083},"size":105.79055786132813,"orthographic":false}