{"cameraMode":{"drawMode":0,"name":"Shaded","section":"Shading Mode"},"sceneLighting":false,"audioPlay":false,"sceneViewState":{"showFog":true,"showMaterialUpdate":false,"showSkybox":false,"showFlares":true,"showImageEffects":true,"showParticleSystems":true},"in2DMode":false,"pivot":{"x":-0.24345573782920838,"y":0.9388576149940491,"z":12.611629486083985},"rotation":{"x":-0.1258428990840912,"y":0.15762755274772645,"z":-0.020273713394999505,"w":-0.9792672395706177},"size":22.0,"orthographic":false}